Aionara;Mage
Antaresfm;Paladin
Ardbog;Mage
Ardor;Hunter
Arlis;Druid
Atharo;Priest
Atharô;Warlock
Avón;Warlock
Ayata;Warlock
Bai;Warlock
Balkensepp;Paladin
Bankismore;Mage
Bankrolla;Warlock
Belesh;Mage
Bighealinc;Priest
Bombaa;Warrior
Bombalgir;Priest
Buelo;Warrior
Bumbal;Mage
Chaîny;Paladin
Chokeon;Rogue
Chou;Warrior
Choult;Hunter
Clickme;Warrior
Cokkbank;Rogue
Crayven;Warrior
Dalliah;Mage
Darlia;Paladin
Denek;Warrior
Diggi;Warrior
Doytschebank;Warlock
Druidicas;Druid
Dxx;Hunter
Dótta;Warlock
Dótti;Warlock
Egonshooter;Hunter
Enduri;Priest
Exts;Mage
Faine;Priest
Falbia;Mage
Farlor;Rogue
Feeni;Druid
Fein;Paladin
Fenoa;Druid
Figgmaul;Warlock
Fipsoliene;Priest
Fishyfishy;Druid
Fistandatuli;Mage
Flashr;Paladin
Flitchen;Hunter
Flitzie;Warrior
Floripidy;Paladin
Fêbsy;Priest
Gigoloo;Warlock
Gnomling;Rogue
Gomona;Hunter
Grantelbart;Priest
Greater;Hunter
Gurkenstich;Rogue
Gurkenzauber;Mage
Harcort;Warlock
Highwalker;Druid
Hunksfox;Warrior
Ivarr;Paladin
Jealousy;Warlock
Jesper;Priest
Jessica;Mage
Kaalleen;Druid
Kaey;Priest
Kaltlager;Priest
Kanchenjunga;Rogue
Kaschte;Rogue
Klaunfiesta;Warlock
Lariana;Paladin
Laríana;Mage
Lessaq;Rogue
Leyluu;Paladin
Lokfuehrer;Hunter
Lomeluin;Mage
Lorathos;Paladin
Maddi;Mage
Mamran;Rogue
Maro;Paladin
Mastarc;Mage
Mcgeil;Warlock
Mischou;Hunter
Modem;Priest
Morti;Hunter
Nadila;Warrior
Naiko;Warrior
Nalà;Priest
Nem;Hunter
Nessey;Warlock
Nessy;Rogue
Nithalf;Warrior
Nithilf;Rogue
Normekk;Mage
Nóva;Rogue
Pflitscherl;Mage
Pinklotus;Warlock
Pitscher;Warrior
Preisschild;Mage
Preuß;Paladin
Radogan;Priest
Raidbänk;Warrior
Reax;Paladin
Rhyme;Hunter
Rhyper;Hunter
Rhyva;Warrior
Ricárda;Warlock
Riese;Warlock
Rubmaster;Mage
Ränkor;Paladin
Sassi;Warrior
Sassii;Warlock
Schellenmann;Rogue
Schlachti;Warrior
Schmutzigé;Mage
Selir;Paladin
Seyenai;Warlock
Seyenia;Warlock
Sherima;Druid
Shidrana;Paladin
Shota;Mage
Siladra;Rogue
Siladrà;Mage
Smnr;Warlock
Sorci;Mage
Sorciwar;Warrior
Sorciyo;Rogue
Sunnylein;Warlock
Sweethart;Rogue
Takku;Warrior
Taradus;Warrior
Taruslar;Mage
Tasêrfacê;Warrior
Tirun;Paladin
Tobacco;Warlock
Tokiò;Priest
Tomqp;Mage
Tonysoprano;Rogue
Tourettycat;Rogue
Towanda;Druid
Tretr;Warrior
Trezôr;Paladin
Trixxy;Druid
Tsubaky;Priest
Tuv;Priest
Unganggenehm;Rogue
Vilya;Hunter
Vulthor;Paladin
Wangson;Warlock
Wof;Druid
Wongsen;Priest
Wongson;Priest
Wongsun;Mage
Wysiwyg;Warlock
Wyvern;Rogue
Xeelby;Hunter
Xzoe;Mage
Zann;Warrior
Zurueckaalen;Hunter
Áleksi;Priest
